[
	{
		"new": {
			"id": 1,
			"content": "news news news news",
			"title": "New title",
			"author": "Jack",
			"time": "12:50"
		}
	},
	{
		"new": {
			"id": 2,
			"content": "`qwqeewqqweqweqweeqwqweeqw`",
			"title": "New title",
			"author": "Jack",
			"time": "05:30"
		}
	},
	{
		"new": {
			"id": 3,
			"content": "news news news news",
			"title": "New title",
			"author": "Jack",
			"time": "13:50"
		}
	},
	{
		"new": {
			"id": 4,
			"content": "news news news news",
			"title": "New title",
			"author": "Jack",
			"time": "12:00"
		}
	},
	{
		"new": {
			"id": 4,
			"content": "Press to add new",
			"title": "New title",
			"author": "Jack",
			"time": "Add new"
		}
	}
]